CLIENT_ID,NAME,SURNAME,DRIVING LICENCE NUMBER,DATE OF BIRTH,CLIENT EMAIL,CLIENT_PHOTO
1,James,Morrison,467772,1986-03-21,sandra37@example.org,https://dummyimage.com/200x200
2,Gary,Williams,221824,1961-03-15,rosskarl@example.net,https://dummyimage.com/200x200
3,Anne,White,599547,1991-01-12,hjones@example.org,https://placekitten.com/200/200
4,Jerry,Carter,623840,1947-05-19,todd62@example.net,https://dummyimage.com/200x200
5,Stacey,Hansen,175597,1999-09-15,tricia76@example.net,https://dummyimage.com/200x200
6,Audrey,Atkins,116408,1985-10-19,lisa02@example.org,https://dummyimage.com/200x200
7,Gina,Lawrence,659407,1952-12-22,brittanyjohnson@example.org,https://picsum.photos/200/200
8,Scott,Hobbs,337623,1973-12-03,guzmanashley@example.com,https://dummyimage.com/200x200
9,Kristin,Parker,513338,1944-01-27,kathleen27@example.org,https://picsum.photos/200/200
10,Tina,Johnson,558988,1952-11-17,heather98@example.com,https://placekitten.com/200/200
11,Cheryl,Horton,995542,2000-08-04,swansonmichael@example.org,https://placekitten.com/200/200
12,Andrew,Weaver,901034,1959-04-03,goodwintiffany@example.com,https://dummyimage.com/200x200
13,Andrea,Mathews,337586,1966-09-02,meadowsrobert@example.net,https://dummyimage.com/200x200
14,Christopher,James,967772,1960-11-19,matthewpeterson@example.com,https://placekitten.com/200/200
15,Phillip,Barker,446231,1946-12-19,claytonryan@example.net,https://dummyimage.com/200x200
16,Lisa,Kelley,373622,1968-12-15,ghill@example.com,https://dummyimage.com/200x200
17,Diane,Butler,568614,1984-10-26,hmiller@example.org,https://picsum.photos/200/200
18,Terrance,Gonzalez,980662,2000-10-26,michael88@example.com,https://placekitten.com/200/200
19,Alejandro,Rivas,697430,1994-05-22,cheyenne26@example.com,https://dummyimage.com/200x200
20,Richard,Montgomery,467706,1998-11-08,megan86@example.com,https://dummyimage.com/200x200
21,Jeffery,Carrillo,122610,2004-12-02,mstein@example.com,https://picsum.photos/200/200
22,Matthew,Simon,563170,1958-04-09,victoriasingh@example.net,https://picsum.photos/200/200
23,Jason,Montes,208214,1952-09-04,jacquelinewilliams@example.com,https://picsum.photos/200/200
24,Pamela,Howard,109291,1967-06-05,david85@example.net,https://dummyimage.com/200x200
25,Laura,Dalton,804314,1951-03-27,eschultz@example.net,https://picsum.photos/200/200
26,Cynthia,Carroll,374489,1997-03-07,stephanie29@example.org,https://picsum.photos/200/200
27,Julie,Reyes,127794,1963-01-20,tarajohnson@example.org,https://picsum.photos/200/200
28,Erin,Moore,914974,1954-03-20,scottromero@example.net,https://picsum.photos/200/200
29,Edwin,Page,839139,1944-05-09,brownjohn@example.net,https://placekitten.com/200/200
30,Jennifer,Brown,668217,1947-04-16,kendraanderson@example.net,https://placekitten.com/200/200
31,Alexandra,Thompson,186987,1982-05-30,sharon49@example.net,https://picsum.photos/200/200
32,Melissa,Sanders,671239,2000-06-23,wyattwilson@example.net,https://placekitten.com/200/200
33,Edward,Foster,492622,1943-03-09,srubio@example.net,https://dummyimage.com/200x200
34,Veronica,Payne,291535,1961-09-22,heather84@example.net,https://placekitten.com/200/200
35,Jody,Alexander,882926,1972-03-14,kevin23@example.org,https://placekitten.com/200/200
36,Kenneth,Mccann,312812,1945-01-06,kelleyjamie@example.org,https://dummyimage.com/200x200
37,Anita,Ramirez,767115,1999-06-27,dawsonricky@example.net,https://dummyimage.com/200x200
38,Dawn,Bush,538462,2003-07-11,drodriguez@example.com,https://placekitten.com/200/200
39,Joseph,Taylor,975531,2003-11-17,dbanks@example.org,https://placekitten.com/200/200
40,Chelsea,Rowe,944992,1943-05-01,amy61@example.com,https://picsum.photos/200/200
41,David,Silva,209643,2000-02-11,robersonjames@example.net,https://picsum.photos/200/200
42,Allison,Mcbride,812888,1962-04-09,michaeljimenez@example.org,https://placekitten.com/200/200
43,Thomas,Webb,754824,1944-02-26,alexisrich@example.com,https://picsum.photos/200/200
44,Carrie,Dunlap,879471,1980-11-18,tcook@example.org,https://picsum.photos/200/200
45,Omar,Bell,920161,1996-01-29,ybeasley@example.org,https://placekitten.com/200/200
46,Sarah,Brooks,735256,1963-04-16,chapmanbrittany@example.com,https://placekitten.com/200/200
47,Michael,Baker,496408,1951-10-03,dmiller@example.com,https://picsum.photos/200/200
48,Kayla,Gutierrez,688439,1993-12-18,butlerangela@example.net,https://picsum.photos/200/200
49,Cindy,Anderson,897134,1998-03-09,john00@example.com,https://dummyimage.com/200x200
50,Daniel,Garcia,352698,1993-08-15,hullthomas@example.org,https://dummyimage.com/200x200
51,Tyler,Sullivan,217200,1989-09-13,patriciabryant@example.com,https://picsum.photos/200/200
52,Mary,Allen,252611,1982-10-11,houstonbarry@example.com,https://dummyimage.com/200x200
53,Justin,Reese,884348,1950-01-02,rmartinez@example.com,https://dummyimage.com/200x200
54,Jeffrey,Torres,189402,1944-10-28,utrujillo@example.com,https://placekitten.com/200/200
55,Marcus,Walker,585054,1997-03-12,wardalexander@example.net,https://placekitten.com/200/200
56,Adam,Griffith,240083,1981-12-19,nharris@example.org,https://picsum.photos/200/200
57,Anna,Martinez,856035,1977-04-24,manderson@example.net,https://dummyimage.com/200x200
58,William,Thomas,633236,1946-07-20,vhendricks@example.net,https://placekitten.com/200/200
59,Diana,Harvey,595122,1995-07-09,qsoto@example.org,https://dummyimage.com/200x200
60,Sharon,Carney,721310,1944-09-16,thomasbrittany@example.org,https://placekitten.com/200/200
